2017-10-02T06:15:54.858Z,2017-09-19 09:31:12,141056,Cash,,{[2017-10-02T06:15:54.857Z,100,Other,For your general items,10.00],[2017-10-02T06:15:54.857Z,101,Asgardian Weapons,Real bash and bling from Asgard,90.00],[2017-10-02T06:15:54.857Z,102,Weapons,Never go into battle empty handed,10.00],[2017-10-02T06:15:54.857Z,103,Stark Industries,Whatever Tony makes you know it will go boom!,0.00],[2017-10-02T06:15:54.858Z,104,Tesla Motor Vehicles,Best we like to save the planet when we drive,80.00],[2017-10-02T06:15:54.858Z,105,Google Pixel,Nobody wants an inferior phone,40.00],}
2017-10-02T06:15:54.859Z,2017-09-19 11:31:12,643725,BasicCard,MC10006,{[2017-10-02T06:15:54.858Z,100,Other,For your general items,100.00],[2017-10-02T06:15:54.858Z,101,Asgardian Weapons,Real bash and bling from Asgard,80.00],[2017-10-02T06:15:54.859Z,102,Weapons,Never go into battle empty handed,60.00],[2017-10-02T06:15:54.859Z,103,Stark Industries,Whatever Tony makes you know it will go boom!,10.00],[2017-10-02T06:15:54.859Z,104,Tesla Motor Vehicles,Best we like to save the planet when we drive,90.00],[2017-10-02T06:15:54.859Z,105,Google Pixel,Nobody wants an inferior phone,70.00],}
2017-10-02T06:15:54.860Z,2017-09-24 12:31:12,716675,Cash,,{[2017-10-02T06:15:54.859Z,100,Other,For your general items,100.00],[2017-10-02T06:15:54.860Z,101,Asgardian Weapons,Real bash and bling from Asgard,60.00],[2017-10-02T06:15:54.860Z,102,Weapons,Never go into battle empty handed,10.00],[2017-10-02T06:15:54.860Z,103,Stark Industries,Whatever Tony makes you know it will go boom!,30.00],[2017-10-02T06:15:54.860Z,104,Tesla Motor Vehicles,Best we like to save the planet when we drive,0.00],[2017-10-02T06:15:54.860Z,105,Google Pixel,Nobody wants an inferior phone,70.00],}
2017-10-02T06:15:54.863Z,2017-09-24 09:31:12,293646,Cash,,{[2017-10-02T06:15:54.861Z,100,Other,For your general items,10.00],[2017-10-02T06:15:54.861Z,101,Asgardian Weapons,Real bash and bling from Asgard,100.00],[2017-10-02T06:15:54.861Z,102,Weapons,Never go into battle empty handed,100.00],[2017-10-02T06:15:54.862Z,103,Stark Industries,Whatever Tony makes you know it will go boom!,70.00],[2017-10-02T06:15:54.862Z,104,Tesla Motor Vehicles,Best we like to save the planet when we drive,70.00],[2017-10-02T06:15:54.863Z,105,Google Pixel,Nobody wants an inferior phone,100.00],}
2017-10-02T06:15:54.864Z,2017-09-24 10:31:12,528132,PremiumCard,MC10005,{[2017-10-02T06:15:54.863Z,100,Other,For your general items,20.00],[2017-10-02T06:15:54.863Z,101,Asgardian Weapons,Real bash and bling from Asgard,30.00],[2017-10-02T06:15:54.863Z,102,Weapons,Never go into battle empty handed,40.00],[2017-10-02T06:15:54.864Z,103,Stark Industries,Whatever Tony makes you know it will go boom!,200.00],[2017-10-02T06:15:54.864Z,104,Tesla Motor Vehicles,Best we like to save the planet when we drive,50.00],[2017-10-02T06:15:54.864Z,105,Google Pixel,Nobody wants an inferior phone,80.00],}
2017-10-02T06:15:54.865Z,2017-09-24 11:31:12,461591,AnonCard,MC10008,{[2017-10-02T06:15:54.864Z,100,Other,For your general items,50.00],[2017-10-02T06:15:54.864Z,101,Asgardian Weapons,Real bash and bling from Asgard,50.00],[2017-10-02T06:15:54.864Z,102,Weapons,Never go into battle empty handed,70.00],[2017-10-02T06:15:54.865Z,103,Stark Industries,Whatever Tony makes you know it will go boom!,0.00],[2017-10-02T06:15:54.865Z,104,Tesla Motor Vehicles,Best we like to save the planet when we drive,10.00],[2017-10-02T06:15:54.865Z,105,Google Pixel,Nobody wants an inferior phone,90.00],}
2017-10-02T06:15:54.866Z,2017-09-24 12:31:12,939167,AnonCard,MC10017,{[2017-10-02T06:15:54.865Z,100,Other,For your general items,90.00],[2017-10-02T06:15:54.865Z,101,Asgardian Weapons,Real bash and bling from Asgard,80.00],[2017-10-02T06:15:54.865Z,102,Weapons,Never go into battle empty handed,80.00],[2017-10-02T06:15:54.865Z,103,Stark Industries,Whatever Tony makes you know it will go boom!,40.00],[2017-10-02T06:15:54.866Z,104,Tesla Motor Vehicles,Best we like to save the planet when we drive,0.00],[2017-10-02T06:15:54.866Z,105,Google Pixel,Nobody wants an inferior phone,20.00],}
2017-10-02T06:15:54.867Z,2017-09-25 13:31:12,303511,PremiumCard,MC10007,{[2017-10-02T06:15:54.866Z,100,Other,For your general items,20.00],[2017-10-02T06:15:54.866Z,101,Asgardian Weapons,Real bash and bling from Asgard,20.00],[2017-10-02T06:15:54.866Z,102,Weapons,Never go into battle empty handed,10.00],[2017-10-02T06:15:54.866Z,103,Stark Industries,Whatever Tony makes you know it will go boom!,200.00],[2017-10-02T06:15:54.866Z,104,Tesla Motor Vehicles,Best we like to save the planet when we drive,10.00],[2017-10-02T06:15:54.866Z,105,Google Pixel,Nobody wants an inferior phone,90.00],}
2017-10-02T06:15:54.868Z,2017-09-25 13:31:12,724383,Cash,,{[2017-10-02T06:15:54.867Z,100,Other,For your general items,20.00],[2017-10-02T06:15:54.867Z,101,Asgardian Weapons,Real bash and bling from Asgard,90.00],[2017-10-02T06:15:54.867Z,102,Weapons,Never go into battle empty handed,60.00],[2017-10-02T06:15:54.867Z,103,Stark Industries,Whatever Tony makes you know it will go boom!,30.00],[2017-10-02T06:15:54.867Z,104,Tesla Motor Vehicles,Best we like to save the planet when we drive,0.00],[2017-10-02T06:15:54.867Z,105,Google Pixel,Nobody wants an inferior phone,100.00],}
2017-10-02T06:15:54.869Z,2017-09-26 17:31:12,936602,PremiumCard,MC10005,{[2017-10-02T06:15:54.868Z,100,Other,For your general items,200.00],[2017-10-02T06:15:54.868Z,101,Asgardian Weapons,Real bash and bling from Asgard,90.00],[2017-10-02T06:15:54.868Z,102,Weapons,Never go into battle empty handed,0.00],[2017-10-02T06:15:54.868Z,103,Stark Industries,Whatever Tony makes you know it will go boom!,90.00],[2017-10-02T06:15:54.868Z,104,Tesla Motor Vehicles,Best we like to save the planet when we drive,10.00],[2017-10-02T06:15:54.869Z,105,Google Pixel,Nobody wants an inferior phone,90.00],}
2017-10-02T06:15:54.869Z,2017-09-26 16:31:12,397584,PremiumCard,MC10005,{[2017-10-02T06:15:54.869Z,100,Other,For your general items,20.00],[2017-10-02T06:15:54.869Z,101,Asgardian Weapons,Real bash and bling from Asgard,30.00],[2017-10-02T06:15:54.869Z,102,Weapons,Never go into battle empty handed,10.00],[2017-10-02T06:15:54.869Z,103,Stark Industries,Whatever Tony makes you know it will go boom!,40.00],[2017-10-02T06:15:54.869Z,104,Tesla Motor Vehicles,Best we like to save the planet when we drive,30.00],[2017-10-02T06:15:54.869Z,105,Google Pixel,Nobody wants an inferior phone,90.00],}
2017-10-02T06:15:54.870Z,2017-09-26 14:31:12,894874,AnonCard,MC10003,{[2017-10-02T06:15:54.870Z,100,Other,For your general items,100.00],[2017-10-02T06:15:54.870Z,101,Asgardian Weapons,Real bash and bling from Asgard,10.00],[2017-10-02T06:15:54.870Z,102,Weapons,Never go into battle empty handed,70.00],[2017-10-02T06:15:54.870Z,103,Stark Industries,Whatever Tony makes you know it will go boom!,100.00],[2017-10-02T06:15:54.870Z,104,Tesla Motor Vehicles,Best we like to save the planet when we drive,90.00],[2017-10-02T06:15:54.870Z,105,Google Pixel,Nobody wants an inferior phone,40.00],}
2017-10-02T06:15:54.871Z,2017-09-26 14:31:12,150554,Cash,,{[2017-10-02T06:15:54.870Z,100,Other,For your general items,40.00],[2017-10-02T06:15:54.871Z,101,Asgardian Weapons,Real bash and bling from Asgard,50.00],[2017-10-02T06:15:54.871Z,102,Weapons,Never go into battle empty handed,20.00],[2017-10-02T06:15:54.871Z,103,Stark Industries,Whatever Tony makes you know it will go boom!,40.00],[2017-10-02T06:15:54.871Z,104,Tesla Motor Vehicles,Best we like to save the planet when we drive,10.00],[2017-10-02T06:15:54.871Z,105,Google Pixel,Nobody wants an inferior phone,0.00],}
2017-10-02T06:15:54.873Z,2017-09-26 13:31:12,270749,PremiumCard,MC10005,{[2017-10-02T06:15:54.871Z,100,Other,For your general items,100.00],[2017-10-02T06:15:54.871Z,101,Asgardian Weapons,Real bash and bling from Asgard,50.00],[2017-10-02T06:15:54.872Z,102,Weapons,Never go into battle empty handed,0.00],[2017-10-02T06:15:54.872Z,103,Stark Industries,Whatever Tony makes you know it will go boom!,50.00],[2017-10-02T06:15:54.872Z,104,Tesla Motor Vehicles,Best we like to save the planet when we drive,20.00],[2017-10-02T06:15:54.872Z,105,Google Pixel,Nobody wants an inferior phone,0.00],}
2017-10-02T06:15:54.874Z,2017-09-26 13:31:12,519323,PremiumCard,MC10005,{[2017-10-02T06:15:54.873Z,100,Other,For your general items,70.00],[2017-10-02T06:15:54.873Z,101,Asgardian Weapons,Real bash and bling from Asgard,0.00],[2017-10-02T06:15:54.873Z,102,Weapons,Never go into battle empty handed,20.00],[2017-10-02T06:15:54.873Z,103,Stark Industries,Whatever Tony makes you know it will go boom!,40.00],[2017-10-02T06:15:54.873Z,104,Tesla Motor Vehicles,Best we like to save the planet when we drive,30.00],[2017-10-02T06:15:54.874Z,105,Google Pixel,Nobody wants an inferior phone,30.00],}
2017-10-02T06:15:54.876Z,2017-09-27 12:31:12,125724,PremiumCard,MC10018,{[2017-10-02T06:15:54.874Z,100,Other,For your general items,20.00],[2017-10-02T06:15:54.875Z,101,Asgardian Weapons,Real bash and bling from Asgard,100.00],[2017-10-02T06:15:54.875Z,102,Weapons,Never go into battle empty handed,80.00],[2017-10-02T06:15:54.875Z,103,Stark Industries,Whatever Tony makes you know it will go boom!,100.00],[2017-10-02T06:15:54.876Z,104,Tesla Motor Vehicles,Best we like to save the planet when we drive,10.00],[2017-10-02T06:15:54.876Z,105,Google Pixel,Nobody wants an inferior phone,70.00],}
2017-10-02T06:15:54.881Z,2017-09-27 10:31:12,927279,AnonCard,MC10003,{[2017-10-02T06:15:54.877Z,100,Other,For your general items,0.00],[2017-10-02T06:15:54.878Z,101,Asgardian Weapons,Real bash and bling from Asgard,70.00],[2017-10-02T06:15:54.879Z,102,Weapons,Never go into battle empty handed,100.00],[2017-10-02T06:15:54.879Z,103,Stark Industries,Whatever Tony makes you know it will go boom!,90.00],[2017-10-02T06:15:54.880Z,104,Tesla Motor Vehicles,Best we like to save the planet when we drive,60.00],[2017-10-02T06:15:54.880Z,105,Google Pixel,Nobody wants an inferior phone,30.00],}
2017-10-02T06:15:54.884Z,2017-09-27 11:31:12,116901,PremiumCard,MC10012,{[2017-10-02T06:15:54.882Z,100,Other,For your general items,50.00],[2017-10-02T06:15:54.882Z,101,Asgardian Weapons,Real bash and bling from Asgard,30.00],[2017-10-02T06:15:54.883Z,102,Weapons,Never go into battle empty handed,200.00],[2017-10-02T06:15:54.883Z,103,Stark Industries,Whatever Tony makes you know it will go boom!,80.00],[2017-10-02T06:15:54.883Z,104,Tesla Motor Vehicles,Best we like to save the planet when we drive,20.00],[2017-10-02T06:15:54.884Z,105,Google Pixel,Nobody wants an inferior phone,40.00],}
2017-10-02T06:15:54.887Z,2017-09-27 09:31:12,842665,PremiumCard,MC10018,{[2017-10-02T06:15:54.885Z,100,Other,For your general items,30.00],[2017-10-02T06:15:54.887Z,101,Asgardian Weapons,Real bash and bling from Asgard,50.00],[2017-10-02T06:15:54.887Z,102,Weapons,Never go into battle empty handed,50.00],[2017-10-02T06:15:54.887Z,103,Stark Industries,Whatever Tony makes you know it will go boom!,20.00],[2017-10-02T06:15:54.887Z,104,Tesla Motor Vehicles,Best we like to save the planet when we drive,90.00],[2017-10-02T06:15:54.887Z,105,Google Pixel,Nobody wants an inferior phone,60.00],}
2017-10-02T06:15:54.888Z,2017-09-27 10:31:12,327586,PremiumCard,MC10012,{[2017-10-02T06:15:54.888Z,100,Other,For your general items,80.00],[2017-10-02T06:15:54.888Z,101,Asgardian Weapons,Real bash and bling from Asgard,40.00],[2017-10-02T06:15:54.888Z,102,Weapons,Never go into battle empty handed,20.00],[2017-10-02T06:15:54.888Z,103,Stark Industries,Whatever Tony makes you know it will go boom!,30.00],[2017-10-02T06:15:54.888Z,104,Tesla Motor Vehicles,Best we like to save the planet when we drive,70.00],[2017-10-02T06:15:54.888Z,105,Google Pixel,Nobody wants an inferior phone,70.00],}
2017-10-02T06:15:54.889Z,2017-09-27 10:31:12,691490,AnonCard,MC10008,{[2017-10-02T06:15:54.888Z,100,Other,For your general items,0.00],[2017-10-02T06:15:54.888Z,101,Asgardian Weapons,Real bash and bling from Asgard,90.00],[2017-10-02T06:15:54.888Z,102,Weapons,Never go into battle empty handed,200.00],[2017-10-02T06:15:54.889Z,103,Stark Industries,Whatever Tony makes you know it will go boom!,30.00],[2017-10-02T06:15:54.889Z,104,Tesla Motor Vehicles,Best we like to save the planet when we drive,0.00],[2017-10-02T06:15:54.889Z,105,Google Pixel,Nobody wants an inferior phone,90.00],}
2017-10-02T06:15:54.889Z,2017-09-27 11:31:12,650656,PremiumCard,MC10005,{[2017-10-02T06:15:54.889Z,100,Other,For your general items,20.00],[2017-10-02T06:15:54.889Z,101,Asgardian Weapons,Real bash and bling from Asgard,10.00],[2017-10-02T06:15:54.889Z,102,Weapons,Never go into battle empty handed,30.00],[2017-10-02T06:15:54.889Z,103,Stark Industries,Whatever Tony makes you know it will go boom!,100.00],[2017-10-02T06:15:54.889Z,104,Tesla Motor Vehicles,Best we like to save the planet when we drive,20.00],[2017-10-02T06:15:54.889Z,105,Google Pixel,Nobody wants an inferior phone,0.00],}
2017-10-02T06:15:54.891Z,2017-09-27 12:31:12,417581,AnonCard,MC10003,{[2017-10-02T06:15:54.890Z,100,Other,For your general items,40.00],[2017-10-02T06:15:54.890Z,101,Asgardian Weapons,Real bash and bling from Asgard,40.00],[2017-10-02T06:15:54.890Z,102,Weapons,Never go into battle empty handed,40.00],[2017-10-02T06:15:54.890Z,103,Stark Industries,Whatever Tony makes you know it will go boom!,100.00],[2017-10-02T06:15:54.890Z,104,Tesla Motor Vehicles,Best we like to save the planet when we drive,10.00],[2017-10-02T06:15:54.891Z,105,Google Pixel,Nobody wants an inferior phone,10.00],}
2017-10-02T06:15:54.892Z,2017-09-27 13:31:12,884925,AnonCard,MC10017,{[2017-10-02T06:15:54.891Z,100,Other,For your general items,40.00],[2017-10-02T06:15:54.891Z,101,Asgardian Weapons,Real bash and bling from Asgard,70.00],[2017-10-02T06:15:54.891Z,102,Weapons,Never go into battle empty handed,20.00],[2017-10-02T06:15:54.891Z,103,Stark Industries,Whatever Tony makes you know it will go boom!,70.00],[2017-10-02T06:15:54.892Z,104,Tesla Motor Vehicles,Best we like to save the planet when we drive,20.00],[2017-10-02T06:15:54.892Z,105,Google Pixel,Nobody wants an inferior phone,100.00],}
2017-10-02T06:15:54.893Z,2017-09-27 15:31:12,478257,PremiumCard,MC10012,{[2017-10-02T06:15:54.892Z,100,Other,For your general items,30.00],[2017-10-02T06:15:54.892Z,101,Asgardian Weapons,Real bash and bling from Asgard,60.00],[2017-10-02T06:15:54.893Z,102,Weapons,Never go into battle empty handed,90.00],[2017-10-02T06:15:54.893Z,103,Stark Industries,Whatever Tony makes you know it will go boom!,100.00],[2017-10-02T06:15:54.893Z,104,Tesla Motor Vehicles,Best we like to save the planet when we drive,100.00],[2017-10-02T06:15:54.893Z,105,Google Pixel,Nobody wants an inferior phone,100.00],}
2017-10-02T06:15:54.953Z,2017-09-27 13:31:12,402750,PremiumCard,MC10005,{[2017-10-02T06:15:54.893Z,100,Other,For your general items,10.00],[2017-10-02T06:15:54.893Z,101,Asgardian Weapons,Real bash and bling from Asgard,0.00],[2017-10-02T06:15:54.952Z,102,Weapons,Never go into battle empty handed,60.00],[2017-10-02T06:15:54.952Z,103,Stark Industries,Whatever Tony makes you know it will go boom!,10.00],[2017-10-02T06:15:54.953Z,104,Tesla Motor Vehicles,Best we like to save the planet when we drive,100.00],[2017-10-02T06:15:54.953Z,105,Google Pixel,Nobody wants an inferior phone,80.00],}
2017-10-02T06:15:54.954Z,2017-09-27 12:31:12,302525,PremiumCard,MC10005,{[2017-10-02T06:15:54.953Z,100,Other,For your general items,60.00],[2017-10-02T06:15:54.953Z,101,Asgardian Weapons,Real bash and bling from Asgard,200.00],[2017-10-02T06:15:54.953Z,102,Weapons,Never go into battle empty handed,0.00],[2017-10-02T06:15:54.953Z,103,Stark Industries,Whatever Tony makes you know it will go boom!,50.00],[2017-10-02T06:15:54.954Z,104,Tesla Motor Vehicles,Best we like to save the planet when we drive,200.00],[2017-10-02T06:15:54.954Z,105,Google Pixel,Nobody wants an inferior phone,30.00],}
2017-10-02T06:15:54.954Z,2017-09-27 13:31:12,103103,PremiumCard,MC10005,{[2017-10-02T06:15:54.954Z,100,Other,For your general items,20.00],[2017-10-02T06:15:54.954Z,101,Asgardian Weapons,Real bash and bling from Asgard,20.00],[2017-10-02T06:15:54.954Z,102,Weapons,Never go into battle empty handed,80.00],[2017-10-02T06:15:54.954Z,103,Stark Industries,Whatever Tony makes you know it will go boom!,50.00],[2017-10-02T06:15:54.954Z,104,Tesla Motor Vehicles,Best we like to save the planet when we drive,10.00],[2017-10-02T06:15:54.954Z,105,Google Pixel,Nobody wants an inferior phone,40.00],}
2017-10-02T06:15:54.955Z,2017-09-28 09:31:12,605111,AnonCard,MC10017,{[2017-10-02T06:15:54.955Z,100,Other,For your general items,0.00],[2017-10-02T06:15:54.955Z,101,Asgardian Weapons,Real bash and bling from Asgard,40.00],[2017-10-02T06:15:54.955Z,102,Weapons,Never go into battle empty handed,50.00],[2017-10-02T06:15:54.955Z,103,Stark Industries,Whatever Tony makes you know it will go boom!,10.00],[2017-10-02T06:15:54.955Z,104,Tesla Motor Vehicles,Best we like to save the planet when we drive,90.00],[2017-10-02T06:15:54.955Z,105,Google Pixel,Nobody wants an inferior phone,70.00],}
2017-10-02T06:15:54.956Z,2017-09-28 08:31:12,468550,Cash,,{[2017-10-02T06:15:54.955Z,100,Other,For your general items,80.00],[2017-10-02T06:15:54.955Z,101,Asgardian Weapons,Real bash and bling from Asgard,60.00],[2017-10-02T06:15:54.955Z,102,Weapons,Never go into battle empty handed,30.00],[2017-10-02T06:15:54.955Z,103,Stark Industries,Whatever Tony makes you know it will go boom!,20.00],[2017-10-02T06:15:54.956Z,104,Tesla Motor Vehicles,Best we like to save the planet when we drive,90.00],[2017-10-02T06:15:54.956Z,105,Google Pixel,Nobody wants an inferior phone,40.00],}
2017-10-02T06:15:54.956Z,2017-09-28 12:31:12,825160,PremiumCard,MC10005,{[2017-10-02T06:15:54.956Z,100,Other,For your general items,50.00],[2017-10-02T06:15:54.956Z,101,Asgardian Weapons,Real bash and bling from Asgard,10.00],[2017-10-02T06:15:54.956Z,102,Weapons,Never go into battle empty handed,70.00],[2017-10-02T06:15:54.956Z,103,Stark Industries,Whatever Tony makes you know it will go boom!,200.00],[2017-10-02T06:15:54.956Z,104,Tesla Motor Vehicles,Best we like to save the planet when we drive,90.00],[2017-10-02T06:15:54.956Z,105,Google Pixel,Nobody wants an inferior phone,100.00],}
2017-10-02T06:15:54.957Z,2017-09-28 10:31:12,740812,BasicCard,MC10004,{[2017-10-02T06:15:54.957Z,100,Other,For your general items,30.00],[2017-10-02T06:15:54.957Z,101,Asgardian Weapons,Real bash and bling from Asgard,80.00],[2017-10-02T06:15:54.957Z,102,Weapons,Never go into battle empty handed,50.00],[2017-10-02T06:15:54.957Z,103,Stark Industries,Whatever Tony makes you know it will go boom!,70.00],[2017-10-02T06:15:54.957Z,104,Tesla Motor Vehicles,Best we like to save the planet when we drive,90.00],[2017-10-02T06:15:54.957Z,105,Google Pixel,Nobody wants an inferior phone,70.00],}
2017-10-02T06:15:54.957Z,2017-09-28 09:31:12,501184,Cash,,{[2017-10-02T06:15:54.957Z,100,Other,For your general items,10.00],[2017-10-02T06:15:54.957Z,101,Asgardian Weapons,Real bash and bling from Asgard,200.00],[2017-10-02T06:15:54.957Z,102,Weapons,Never go into battle empty handed,60.00],[2017-10-02T06:15:54.957Z,103,Stark Industries,Whatever Tony makes you know it will go boom!,30.00],[2017-10-02T06:15:54.957Z,104,Tesla Motor Vehicles,Best we like to save the planet when we drive,200.00],[2017-10-02T06:15:54.957Z,105,Google Pixel,Nobody wants an inferior phone,200.00],}
2017-10-02T06:15:54.958Z,2017-09-28 15:31:12,292172,Cash,,{[2017-10-02T06:15:54.957Z,100,Other,For your general items,70.00],[2017-10-02T06:15:54.958Z,101,Asgardian Weapons,Real bash and bling from Asgard,50.00],[2017-10-02T06:15:54.958Z,102,Weapons,Never go into battle empty handed,20.00],[2017-10-02T06:15:54.958Z,103,Stark Industries,Whatever Tony makes you know it will go boom!,90.00],[2017-10-02T06:15:54.958Z,104,Tesla Motor Vehicles,Best we like to save the planet when we drive,70.00],[2017-10-02T06:15:54.958Z,105,Google Pixel,Nobody wants an inferior phone,50.00],}
2017-10-02T06:15:54.962Z,2017-09-28 16:31:12,735810,Cash,,{[2017-10-02T06:15:54.958Z,100,Other,For your general items,70.00],[2017-10-02T06:15:54.961Z,101,Asgardian Weapons,Real bash and bling from Asgard,10.00],[2017-10-02T06:15:54.961Z,102,Weapons,Never go into battle empty handed,20.00],[2017-10-02T06:15:54.962Z,103,Stark Industries,Whatever Tony makes you know it will go boom!,70.00],[2017-10-02T06:15:54.962Z,104,Tesla Motor Vehicles,Best we like to save the planet when we drive,10.00],[2017-10-02T06:15:54.962Z,105,Google Pixel,Nobody wants an inferior phone,60.00],}
2017-10-02T06:15:54.962Z,2017-09-28 18:31:12,574401,Cash,,{[2017-10-02T06:15:54.962Z,100,Other,For your general items,10.00],[2017-10-02T06:15:54.962Z,101,Asgardian Weapons,Real bash and bling from Asgard,60.00],[2017-10-02T06:15:54.962Z,102,Weapons,Never go into battle empty handed,50.00],[2017-10-02T06:15:54.962Z,103,Stark Industries,Whatever Tony makes you know it will go boom!,60.00],[2017-10-02T06:15:54.962Z,104,Tesla Motor Vehicles,Best we like to save the planet when we drive,100.00],[2017-10-02T06:15:54.962Z,105,Google Pixel,Nobody wants an inferior phone,80.00],}
2017-10-02T06:15:54.963Z,2017-09-28 19:31:12,499150,PremiumCard,MC10007,{[2017-10-02T06:15:54.962Z,100,Other,For your general items,90.00],[2017-10-02T06:15:54.962Z,101,Asgardian Weapons,Real bash and bling from Asgard,90.00],[2017-10-02T06:15:54.962Z,102,Weapons,Never go into battle empty handed,70.00],[2017-10-02T06:15:54.962Z,103,Stark Industries,Whatever Tony makes you know it will go boom!,20.00],[2017-10-02T06:15:54.963Z,104,Tesla Motor Vehicles,Best we like to save the planet when we drive,0.00],[2017-10-02T06:15:54.963Z,105,Google Pixel,Nobody wants an inferior phone,0.00],}
2017-10-02T06:15:54.963Z,2017-09-29 12:31:12,616770,BasicCard,MC10006,{[2017-10-02T06:15:54.963Z,100,Other,For your general items,200.00],[2017-10-02T06:15:54.963Z,101,Asgardian Weapons,Real bash and bling from Asgard,40.00],[2017-10-02T06:15:54.963Z,102,Weapons,Never go into battle empty handed,10.00],[2017-10-02T06:15:54.963Z,103,Stark Industries,Whatever Tony makes you know it will go boom!,60.00],[2017-10-02T06:15:54.963Z,104,Tesla Motor Vehicles,Best we like to save the planet when we drive,70.00],[2017-10-02T06:15:54.963Z,105,Google Pixel,Nobody wants an inferior phone,40.00],}
2017-10-02T06:15:54.963Z,2017-09-29 13:31:12,557124,PremiumCard,MC10018,{[2017-10-02T06:15:54.963Z,100,Other,For your general items,80.00],[2017-10-02T06:15:54.963Z,101,Asgardian Weapons,Real bash and bling from Asgard,40.00],[2017-10-02T06:15:54.963Z,102,Weapons,Never go into battle empty handed,90.00],[2017-10-02T06:15:54.963Z,103,Stark Industries,Whatever Tony makes you know it will go boom!,20.00],[2017-10-02T06:15:54.963Z,104,Tesla Motor Vehicles,Best we like to save the planet when we drive,70.00],[2017-10-02T06:15:54.963Z,105,Google Pixel,Nobody wants an inferior phone,30.00],}
2017-10-02T06:15:54.964Z,2017-09-29 14:31:12,897090,AnonCard,MC10017,{[2017-10-02T06:15:54.963Z,100,Other,For your general items,40.00],[2017-10-02T06:15:54.963Z,101,Asgardian Weapons,Real bash and bling from Asgard,100.00],[2017-10-02T06:15:54.963Z,102,Weapons,Never go into battle empty handed,60.00],[2017-10-02T06:15:54.964Z,103,Stark Industries,Whatever Tony makes you know it will go boom!,50.00],[2017-10-02T06:15:54.964Z,104,Tesla Motor Vehicles,Best we like to save the planet when we drive,100.00],[2017-10-02T06:15:54.964Z,105,Google Pixel,Nobody wants an inferior phone,20.00],}
2017-10-02T06:15:54.964Z,2017-09-29 15:31:12,801630,Cash,,{[2017-10-02T06:15:54.964Z,100,Other,For your general items,30.00],[2017-10-02T06:15:54.964Z,101,Asgardian Weapons,Real bash and bling from Asgard,60.00],[2017-10-02T06:15:54.964Z,102,Weapons,Never go into battle empty handed,0.00],[2017-10-02T06:15:54.964Z,103,Stark Industries,Whatever Tony makes you know it will go boom!,0.00],[2017-10-02T06:15:54.964Z,104,Tesla Motor Vehicles,Best we like to save the planet when we drive,40.00],[2017-10-02T06:15:54.964Z,105,Google Pixel,Nobody wants an inferior phone,100.00],}
2017-10-02T06:15:54.964Z,2017-09-29 15:31:12,309074,AnonCard,MC10003,{[2017-10-02T06:15:54.964Z,100,Other,For your general items,90.00],[2017-10-02T06:15:54.964Z,101,Asgardian Weapons,Real bash and bling from Asgard,200.00],[2017-10-02T06:15:54.964Z,102,Weapons,Never go into battle empty handed,10.00],[2017-10-02T06:15:54.964Z,103,Stark Industries,Whatever Tony makes you know it will go boom!,40.00],[2017-10-02T06:15:54.964Z,104,Tesla Motor Vehicles,Best we like to save the planet when we drive,50.00],[2017-10-02T06:15:54.964Z,105,Google Pixel,Nobody wants an inferior phone,20.00],}
2017-10-02T06:15:54.965Z,2017-09-29 15:31:12,733404,AnonCard,MC10002,{[2017-10-02T06:15:54.965Z,100,Other,For your general items,10.00],[2017-10-02T06:15:54.965Z,101,Asgardian Weapons,Real bash and bling from Asgard,10.00],[2017-10-02T06:15:54.965Z,102,Weapons,Never go into battle empty handed,50.00],[2017-10-02T06:15:54.965Z,103,Stark Industries,Whatever Tony makes you know it will go boom!,70.00],[2017-10-02T06:15:54.965Z,104,Tesla Motor Vehicles,Best we like to save the planet when we drive,10.00],[2017-10-02T06:15:54.965Z,105,Google Pixel,Nobody wants an inferior phone,0.00],}
2017-10-02T06:15:54.965Z,2017-09-29 12:31:12,236121,Cash,,{[2017-10-02T06:15:54.965Z,100,Other,For your general items,60.00],[2017-10-02T06:15:54.965Z,101,Asgardian Weapons,Real bash and bling from Asgard,30.00],[2017-10-02T06:15:54.965Z,102,Weapons,Never go into battle empty handed,200.00],[2017-10-02T06:15:54.965Z,103,Stark Industries,Whatever Tony makes you know it will go boom!,60.00],[2017-10-02T06:15:54.965Z,104,Tesla Motor Vehicles,Best we like to save the planet when we drive,90.00],[2017-10-02T06:15:54.965Z,105,Google Pixel,Nobody wants an inferior phone,100.00],}
2017-10-02T06:15:54.966Z,2017-09-29 13:31:12,580200,PremiumCard,MC10013,{[2017-10-02T06:15:54.965Z,100,Other,For your general items,20.00],[2017-10-02T06:15:54.965Z,101,Asgardian Weapons,Real bash and bling from Asgard,50.00],[2017-10-02T06:15:54.965Z,102,Weapons,Never go into battle empty handed,90.00],[2017-10-02T06:15:54.966Z,103,Stark Industries,Whatever Tony makes you know it will go boom!,100.00],[2017-10-02T06:15:54.966Z,104,Tesla Motor Vehicles,Best we like to save the planet when we drive,90.00],[2017-10-02T06:15:54.966Z,105,Google Pixel,Nobody wants an inferior phone,40.00],}
2017-10-02T06:15:54.966Z,2017-09-29 13:31:12,147562,PremiumCard,MC10005,{[2017-10-02T06:15:54.966Z,100,Other,For your general items,10.00],[2017-10-02T06:15:54.966Z,101,Asgardian Weapons,Real bash and bling from Asgard,40.00],[2017-10-02T06:15:54.966Z,102,Weapons,Never go into battle empty handed,20.00],[2017-10-02T06:15:54.966Z,103,Stark Industries,Whatever Tony makes you know it will go boom!,60.00],[2017-10-02T06:15:54.966Z,104,Tesla Motor Vehicles,Best we like to save the planet when we drive,80.00],[2017-10-02T06:15:54.966Z,105,Google Pixel,Nobody wants an inferior phone,70.00],}
2017-10-02T06:15:54.966Z,2017-09-29 13:31:12,852836,PremiumCard,MC10005,{[2017-10-02T06:15:54.966Z,100,Other,For your general items,70.00],[2017-10-02T06:15:54.966Z,101,Asgardian Weapons,Real bash and bling from Asgard,40.00],[2017-10-02T06:15:54.966Z,102,Weapons,Never go into battle empty handed,40.00],[2017-10-02T06:15:54.966Z,103,Stark Industries,Whatever Tony makes you know it will go boom!,40.00],[2017-10-02T06:15:54.966Z,104,Tesla Motor Vehicles,Best we like to save the planet when we drive,40.00],[2017-10-02T06:15:54.966Z,105,Google Pixel,Nobody wants an inferior phone,20.00],}
2017-10-02T06:15:54.967Z,2017-09-29 12:31:12,820071,Cash,,{[2017-10-02T06:15:54.967Z,100,Other,For your general items,90.00],[2017-10-02T06:15:54.967Z,101,Asgardian Weapons,Real bash and bling from Asgard,60.00],[2017-10-02T06:15:54.967Z,102,Weapons,Never go into battle empty handed,20.00],[2017-10-02T06:15:54.967Z,103,Stark Industries,Whatever Tony makes you know it will go boom!,80.00],[2017-10-02T06:15:54.967Z,104,Tesla Motor Vehicles,Best we like to save the planet when we drive,50.00],[2017-10-02T06:15:54.967Z,105,Google Pixel,Nobody wants an inferior phone,200.00],}
2017-10-02T06:15:54.967Z,2017-09-29 09:31:12,463979,BasicCard,MC10001,{[2017-10-02T06:15:54.967Z,100,Other,For your general items,70.00],[2017-10-02T06:15:54.967Z,101,Asgardian Weapons,Real bash and bling from Asgard,100.00],[2017-10-02T06:15:54.967Z,102,Weapons,Never go into battle empty handed,60.00],[2017-10-02T06:15:54.967Z,103,Stark Industries,Whatever Tony makes you know it will go boom!,50.00],[2017-10-02T06:15:54.967Z,104,Tesla Motor Vehicles,Best we like to save the planet when we drive,0.00],[2017-10-02T06:15:54.967Z,105,Google Pixel,Nobody wants an inferior phone,80.00],}
2017-10-02T06:15:54.967Z,2017-09-29 08:31:12,196463,AnonCard,MC10003,{[2017-10-02T06:15:54.967Z,100,Other,For your general items,60.00],[2017-10-02T06:15:54.967Z,101,Asgardian Weapons,Real bash and bling from Asgard,60.00],[2017-10-02T06:15:54.967Z,102,Weapons,Never go into battle empty handed,200.00],[2017-10-02T06:15:54.967Z,103,Stark Industries,Whatever Tony makes you know it will go boom!,20.00],[2017-10-02T06:15:54.967Z,104,Tesla Motor Vehicles,Best we like to save the planet when we drive,60.00],[2017-10-02T06:15:54.967Z,105,Google Pixel,Nobody wants an inferior phone,30.00],}
2017-10-02T06:15:54.967Z,2017-09-29 09:31:12,605181,PremiumCard,MC10007,{[2017-10-02T06:15:54.967Z,100,Other,For your general items,90.00],[2017-10-02T06:15:54.967Z,101,Asgardian Weapons,Real bash and bling from Asgard,20.00],[2017-10-02T06:15:54.967Z,102,Weapons,Never go into battle empty handed,200.00],[2017-10-02T06:15:54.967Z,103,Stark Industries,Whatever Tony makes you know it will go boom!,20.00],[2017-10-02T06:15:54.967Z,104,Tesla Motor Vehicles,Best we like to save the planet when we drive,100.00],[2017-10-02T06:15:54.967Z,105,Google Pixel,Nobody wants an inferior phone,20.00],}
2017-10-02T06:15:54.968Z,2017-09-29 14:02:57,990330,Cash,,{[2017-10-02T06:15:54.967Z,100,Other,For your general items,0.00],[2017-10-02T06:15:54.968Z,101,Asgardian Weapons,Real bash and bling from Asgard,0.00],[2017-10-02T06:15:54.968Z,102,Weapons,Never go into battle empty handed,0.00],[2017-10-02T06:15:54.968Z,103,Stark Industries,Whatever Tony makes you know it will go boom!,1000.00],[2017-10-02T06:15:54.968Z,104,Tesla Motor Vehicles,Best we like to save the planet when we drive,0.00],[2017-10-02T06:15:54.968Z,105,Google Pixel,Nobody wants an inferior phone,0.00],}
2017-10-02T06:15:54.968Z,2017-09-29 10:31:12,567792,AnonCard,MC10002,{[2017-10-02T06:15:54.968Z,100,Other,For your general items,90.00],[2017-10-02T06:15:54.968Z,101,Asgardian Weapons,Real bash and bling from Asgard,100.00],[2017-10-02T06:15:54.968Z,102,Weapons,Never go into battle empty handed,40.00],[2017-10-02T06:15:54.968Z,103,Stark Industries,Whatever Tony makes you know it will go boom!,60.00],[2017-10-02T06:15:54.968Z,104,Tesla Motor Vehicles,Best we like to save the planet when we drive,80.00],[2017-10-02T06:15:54.968Z,105,Google Pixel,Nobody wants an inferior phone,50.00],}
2017-10-02T06:15:54.968Z,2017-09-29 11:31:12,941301,PremiumCard,MC10013,{[2017-10-02T06:15:54.968Z,100,Other,For your general items,70.00],[2017-10-02T06:15:54.968Z,101,Asgardian Weapons,Real bash and bling from Asgard,20.00],[2017-10-02T06:15:54.968Z,102,Weapons,Never go into battle empty handed,70.00],[2017-10-02T06:15:54.968Z,103,Stark Industries,Whatever Tony makes you know it will go boom!,0.00],[2017-10-02T06:15:54.968Z,104,Tesla Motor Vehicles,Best we like to save the planet when we drive,80.00],[2017-10-02T06:15:54.968Z,105,Google Pixel,Nobody wants an inferior phone,50.00],}
2017-10-02T06:15:54.969Z,2017-09-29 16:31:12,704758,Cash,,{[2017-10-02T06:15:54.968Z,100,Other,For your general items,0.00],[2017-10-02T06:15:54.968Z,101,Asgardian Weapons,Real bash and bling from Asgard,50.00],[2017-10-02T06:15:54.968Z,102,Weapons,Never go into battle empty handed,20.00],[2017-10-02T06:15:54.968Z,103,Stark Industries,Whatever Tony makes you know it will go boom!,200.00],[2017-10-02T06:15:54.968Z,104,Tesla Motor Vehicles,Best we like to save the planet when we drive,90.00],[2017-10-02T06:15:54.968Z,105,Google Pixel,Nobody wants an inferior phone,20.00],}
2017-10-02T06:15:54.969Z,2017-09-29 15:31:12,549621,BasicCard,MC10004,{[2017-10-02T06:15:54.969Z,100,Other,For your general items,90.00],[2017-10-02T06:15:54.969Z,101,Asgardian Weapons,Real bash and bling from Asgard,100.00],[2017-10-02T06:15:54.969Z,102,Weapons,Never go into battle empty handed,40.00],[2017-10-02T06:15:54.969Z,103,Stark Industries,Whatever Tony makes you know it will go boom!,200.00],[2017-10-02T06:15:54.969Z,104,Tesla Motor Vehicles,Best we like to save the planet when we drive,90.00],[2017-10-02T06:15:54.969Z,105,Google Pixel,Nobody wants an inferior phone,60.00],}
2017-10-02T06:15:54.969Z,2017-09-29 14:31:12,119678,PremiumCard,MC10005,{[2017-10-02T06:15:54.969Z,100,Other,For your general items,20.00],[2017-10-02T06:15:54.969Z,101,Asgardian Weapons,Real bash and bling from Asgard,40.00],[2017-10-02T06:15:54.969Z,102,Weapons,Never go into battle empty handed,10.00],[2017-10-02T06:15:54.969Z,103,Stark Industries,Whatever Tony makes you know it will go boom!,20.00],[2017-10-02T06:15:54.969Z,104,Tesla Motor Vehicles,Best we like to save the planet when we drive,40.00],[2017-10-02T06:15:54.969Z,105,Google Pixel,Nobody wants an inferior phone,90.00],}
